Model,Prompt,Response,Timestamp
chatgpt,"plan my day 
i go to college 8-5 
rest my works - music production , piano class , studying i mean working , learing it projects 
so design timeslot to manage 

","Error: Error code: 429 - {'error': {'message': 'You exceeded your current quota, please check your plan and billing details. For more information on this error, read the docs: https://platform.openai.com/docs/guides/error-codes/api-errors.', 'type': 'insufficient_quota', 'param': None, 'code': 'insufficient_quota'}}",2026-01-05 11:17:29
gemini,"plan my day 
i go to college 8-5 
rest my works - music production , piano class , studying i mean working , learing it projects 
so design timeslot to manage 

","This is a packed schedule, but entirely manageable with good time management and discipline! The key is to allocate specific, focused blocks for each activity and be strategic about your energy levels.

Here's a potential daily plan, assuming a typical weekday. We'll need to think about how Piano Class fits in (is it daily? weekly?). I'll build a daily template and then suggest how to integrate recurring fixed events like piano class.

---

**Understanding Your Needs:**

*   **College 8 AM - 5 PM:** This is your core, fixed block.
*   **Rest Works:**
    *   **Music Production:** Creative, requires focused blocks, can be draining or energizing.
    *   **Piano Class:** Often a fixed external appointment, requires practice time.
    *   **Studying (Academic):** Directly related to college, essential for success.
    *   **Learning IT Projects:** Skill-building, can be hands-on, requires focus and problem-solving.
*   **Core Needs:** Sleep (7-8 hours), Meals, Hygiene, Commute, Downtime.

---

### The Daily Blueprint (Monday - Friday)

This schedule aims to balance your academic commitments with your passions, while ensuring you get enough rest and downtime.

**Morning Routine (6:30 AM - 8:00 AM)**

*   **6:30 AM - 6:45 AM: Wake Up & Hydrate.** Get out of bed, drink a glass of water.
*   **6:45 AM - 7:15 AM: Morning Hygiene & Get Ready.** Shower, dress, etc.
*   **7:15 AM - 7:45 AM: Breakfast.** Fuel your brain and body for the day. Avoid screens if possible to start the day calmly.
*   **7:45 AM - 8:00 AM: Commute / Final Prep.** Travel to college, review quick notes, pack bag.

**College Hours (8:00 AM - 5:00 PM)**

*   **8:00 AM - 5:00 PM: College.**
    *   **Be Present:** Actively attend classes, take good notes, participate.
    *   **Utilize Breaks Wisely:**
        *   **Lunch Break (e.g., 12:00 PM - 1:00 PM):** Eat, relax, *or* if you're feeling energetic, use 15-20 minutes for a quick review of morning lectures or plan your evening study session. Avoid heavy work, but light review is okay.
        *   **Short Gaps Between Classes:** Stretch, mental reset, quick review of next class's material, or respond to urgent messages.
    *   **Avoid Procrastination:** If there's a small task you can do during a free hour at college, do it there.

**Afternoon/Evening (Post-College: 5:00 PM - 11:30 PM)**

*   **5:00 PM - 5:30 PM: Commute Home & Decompress.** Listen to music, podcast, or just unwind.
*   **5:30 PM - 6:00 PM: Short Break / Snack.** A healthy snack and a brief mental break (no heavy work, maybe a quick stretch or mindfulness). This helps transition from college to personal tasks.
*   **6:00 PM - 7:00 PM: Academic Study Block 1 (College Work).**
    *   **Priority:** Review today's lectures, start on assignments due soon, or prepare for tomorrow's classes. Do this while the information is fresh.
*   **7:00 PM - 8:00 PM: Dinner.** Enjoy your meal, maybe chat with family/roommates, truly disconnect for a bit.
*   **8:00 PM - 9:00 PM: Focused Activity Block.** (Rotate these based on daily needs/energy)
    *   **Option A (Typical Day): Music Production OR Learning IT Projects.** Dedicate this hour to one of these. Focus intensely.
    *   **Option B (Piano Class Day): Piano Class.** (If your class is external and takes 1 hour + travel, this block is used for it, potentially shifting dinner earlier or later slightly).
*   **9:00 PM - 10:00 PM: Academic Study Block 2 (College Work) / Piano Practice.**
    *   **Typical Day:** Finish urgent college tasks, organize notes, work on larger projects.
    *   **Piano Class Day:** This becomes your dedicated piano practice time (30-60 mins).
*   **10:00 PM - 10:30 PM: Flex / Wind Down.** Light reading, prepare clothes/bag for the next day, clean up workspace, respond to non-urgent messages.
*   **10:30 PM - 11:30 PM: Pre-Sleep Routine.** Avoid screens (or use blue light filters), meditate, gentle stretches, journal. Prepare your mind for sleep.
*   **11:30 PM: Sleep.** Aim for 7-7.5 hours.

---

### How to Integrate Your ""Rest Works"" Throughout the Week:

Since you have Music Production, Piano Class, Studying, and Learning IT Projects, you'll need to prioritize and rotate:

1.  **Academic Studying:** This is your #1 non-negotiable outside of college hours. **Allocate 1.5 - 2 hours daily** (split into the two blocks suggested).
2.  **Piano Class:**
    *   **If it's a fixed external class (e.g., 1-2 times a week):** This will take precedence in the 8:00 PM - 9:00 PM slot (or similar, depending on the exact class time). On those days, you might slightly reduce one of the other creative blocks or use a weekend slot for deeper dives into MP/ITP.
    *   **Practice:** On days *without* the class, use the 9:00 PM - 10:00 PM block for 30-60 minutes of piano practice.
3.  **Music Production & Learning IT Projects:** These are your flexible ""deep work"" activities.
    *   **Rotate:** On days you don't have piano class, use the 8:00 PM - 9:00 PM slot for either Music Production *or* Learning IT Projects.
    *   **Example Rotation:**
        *   **Monday:** Music Production
        *   **Tuesday:** Learning IT Projects
        *   **Wednesday:** Music Production
        *   **Thursday:** Learning IT Projects
        *   **Friday:** Flexible (either, or light review, or purely social)

### Weekends are Crucial!

Don't treat weekends like extra weekdays. They are for catching up, deeper dives, and true rest.

*   **Saturday:**
    *   **Morning:** Sleep in a bit (e.g., till 8 AM). Catch up on any academic work.
    *   **Afternoon:** Dedicated long block (2-3 hours) for Music Production or a deep dive into an IT Project. This is where you can make significant progress.
    *   **Evening:** Socialize, relax, hobbies.
*   **Sunday:**
    *   **Morning:** Pure relaxation, errands, exercise.
    *   **Afternoon:** Review the upcoming college week, do any last-minute academic prep, or another focused block on MP/ITP if you missed a session or want to go deeper.
    *   **Evening:** Wind down, meal prep for the week, prepare for Monday.

---

### Key Strategies for Success:

1.  **Prioritize Daily:** At the start of each day (or the night before), identify the 1-3 most important tasks for college study, and then which hobby/project you'll focus on.
2.  **Use a Planner/Calendar:** Digital (Google Calendar, Notion) or physical. Block out these times.
3.  **Pomodoro Technique:** For your study and creative blocks, try 25-minute focused work sprints followed by 5-minute breaks. This can enhance focus and prevent burnout.
4.  **Eliminate Distractions:** During focused blocks, put your phone away, close unnecessary tabs.
5.  **Be Flexible:** This is a template, not a rigid prison. Life happens. If you miss a block, don't beat yourself up; adjust for the next day or weekend.
6.  **Listen to Your Body:** If you're utterly exhausted, sometimes a shorter, less productive session is better than pushing yourself to burnout. Take a true break if needed.
7.  **Self-Care is Non-Negotiable:** Sleep, healthy food, some form of physical activity (even a walk), and social connection are vital to sustain this pace.
8.  **Review Weekly:** At the end of each week, check what worked and what didn't. Adjust your schedule as needed.

This schedule is demanding but allows you to pursue all your interests effectively. Good luck!",2026-01-05 11:17:29
llama,"plan my day 
i go to college 8-5 
rest my works - music production , piano class , studying i mean working , learing it projects 
so design timeslot to manage 

","Based on your 8-5 college schedule, here's a suggested plan to manage your time effectively:

**Morning Routine (6:00 AM - 7:30 AM)**

* 6:00 AM - Wake up, have a glass of water, and stretch
* 6:15 AM - Exercise (30 minutes, e.g., yoga, jogging, or weightlifting)
* 6:45 AM - Shower and get dressed
* 7:00 AM - Breakfast and plan out your day
* 7:30 AM - Leave for college

**College (8:00 AM - 5:00 PM)**

* Attend classes, take notes, and participate in discussions

**Post-College Routine (5:00 PM - 6:30 PM)**

* 5:00 PM - Commute back home
* 5:30 PM - Snack and relax for a bit
* 6:00 PM - Review notes and plan out your music production and piano class work

**Music Production and Piano Class (6:30 PM - 8:30 PM)**

* Allocate time for music production and piano class work. You can dedicate:
	+ 30 minutes for music production (e.g., working on a track, experimenting with new sounds)
	+ 30 minutes for piano class (e.g., practicing a new piece, reviewing theory)
	+ 20 minutes for switching between music production and piano class (e.g",2026-01-05 11:17:29
